Contest number,Word,D,pos_0,pos_1,pos_2,pos_3,pos_4,Mul,V,FS,Fsentropy,FF,FFentropy,FB,FBentropy,FE,FEentropy
202,slump,4.13,s,l,u,m,p,1,1,0.482078833,1.052659009,0.158099352,2.66109664,0.039524838,4.66109664,1.27E-05,16.26481198
203,crank,4.22,c,r,a,n,k,1,1,0.524497532,0.930992111,0.085529158,3.547439852,0.021382289,5.547439886,3.16E-05,14.94971592
204,gorge,4.64,g,o,r,g,e,4,2,0.585285215,0.77278826,0.049676026,4.331306425,0.012419006,6.331306483,2.82E-05,15.11394531
205,query,4.43,q,u,e,r,y,1,2,0.497670082,1.006738435,0.009935205,6.653234549,0.002483801,8.653234694,0.000451963,11.11150771
206,drink,3.77,d,r,i,n,k,1,1,0.464094892,1.107508276,0.047948164,4.382380616,0.011987041,6.382380616,0.000422644,11.20826941
207,favor,4.57,f,a,v,o,r,1,2,0.511577724,0.96697465,0.0587473,4.089333642,0.014686825,6.089333642,0.000171454,12.50989082
208,abbey,4.56,a,b,b,e,y,4,2,0.55376663,0.852649975,0.060907127,4.037245136,0.015226782,6.037245112,6.10E-05,14.00083123
209,tangy,4.37,t,a,n,g,y,1,1,0.503590745,0.989676325,0.064362851,3.957627957,0.016090713,5.957627935,4.82E-06,17.66253542
210,panic,3.77,p,a,n,i,c,1,2,0.521854286,0.938281066,0.061339093,4.027049356,0.015334773,6.027049379,9.24E-05,13.40174762
211,solar,3.82,s,o,l,a,r,1,2,0.733938107,0.446269689,0.158099352,2.66109664,0.039524838,4.66109664,0.000295061,11.72669914
212,shire,3.93,s,h,i,r,e,1,2,0.692820541,0.529446391,0.158099352,2.66109664,0.039524838,4.66109664,3.85E-05,14.66478203
213,proxy,4.87,p,r,o,x,y,1,1,0.411387391,1.281430519,0.061339093,4.027049356,0.015334773,6.027049379,0.000155638,12.64951803
214,point,3.47,p,o,i,n,t,1,2,0.518331593,0.948052764,0.061339093,4.027049356,0.015334773,6.027049379,0.00253584,8.623320564
215,robot,3.95,r,o,b,o,t,4,2,0.568058707,0.81588806,0.045356371,4.462550976,0.011339093,6.462550944,0.000182845,12.4170912
216,prick,3.83,p,r,i,c,k,1,1,0.430223662,1.216841221,0.061339093,4.027049356,0.015334773,6.027049379,1.29E-05,16.24226941
217,wince,4.46,w,i,n,c,e,1,2,0.521619386,0.938930607,0.035853132,4.801757037,0.008963283,6.801757037,1.04E-05,16.55305695
218,crimp,3.96,c,r,i,m,p,1,1,0.446231287,1.164136425,0.085529158,3.547439852,0.021382289,5.547439886,9.26E-06,16.72055638
219,knoll,4.71,k,n,o,l,l,4,1,0.494782541,1.015133501,0.008639309,6.854868359,0.002159827,8.854868526,1.40E-05,16.12421365
220,sugar,4,s,u,g,a,r,1,2,0.618363335,0.693473316,0.158099352,2.66109664,0.039524838,4.66109664,0.000324339,11.59020987
221,whack,4.17,w,h,a,c,k,1,1,0.38340575,1.383056121,0.035853132,4.801757037,0.008963283,6.801757037,1.05E-05,16.53925115
222,mount,3.82,m,o,u,n,t,1,2,0.476858735,1.06836615,0.046220302,4.435329503,0.011555076,6.435329441,0.000529455,10.88320431
223,perky,4.45,p,e,r,k,y,1,1,0.520056868,0.943258705,0.061339093,4.027049356,0.015334773,6.027049379,1.96E-05,15.63878682
224,could,3.97,c,o,u,l,d,1,2,0.467799767,1.096036952,0.085529158,3.547439852,0.021382289,5.547439886,0.004367475,7.83898484
225,wrung,4.35,w,r,u,n,g,1,1,0.396390282,1.335006501,0.035853132,4.801757037,0.008963283,6.801757037,1.75E-06,19.12421365
226,light,4.06,l,i,g,h,t,1,1,0.45016687,1.151468209,0.038012959,4.717364858,0.00950324,6.71736482,0.001830422,9.093607987
227,those,3.67,t,h,o,s,e,1,2,0.683483943,0.54902065,0.064362851,3.957627957,0.016090713,5.957627935,0.003900878,8.001985406
228,moist,3.7,m,o,i,s,t,1,2,0.590114432,0.760933353,0.046220302,4.435329503,0.011555076,6.435329441,3.09E-05,14.98203364
229,shard,4.3,s,h,a,r,d,1,1,0.619722325,0.690306154,0.158099352,2.66109664,0.039524838,4.66109664,4.15E-06,17.87845723
230,pleat,3.92,p,l,e,a,t,1,2,0.672761869,0.571832156,0.061339093,4.027049356,0.015334773,6.027049379,3.85E-06,17.98671012
231,aloft,4.24,a,l,o,f,t,1,2,0.572401004,0.804901892,0.060907127,4.037245136,0.015226782,6.037245112,7.19E-06,17.0855768
232,skill,4.42,s,k,i,l,l,4,1,0.552465529,0.856043644,0.158099352,2.66109664,0.039524838,4.66109664,0.000228768,12.09382712
233,elder,4.71,e,l,d,e,r,4,2,0.740145844,0.434118516,0.031101512,5.006871471,0.007775378,7.006871471,0.000105455,13.21108488
234,frame,4.2,f,r,a,m,e,1,2,0.620790796,0.687820927,0.0587473,4.089333642,0.014686825,6.089333642,0.000665715,10.5528077
235,humor,4.18,h,u,m,o,r,1,2,0.469602373,1.090488396,0.029805616,5.068272,0.007451404,7.068272,0.00026128,11.90211568
236,pause,4.02,p,a,u,s,e,1,3,0.698767721,0.517115129,0.061339093,4.027049356,0.015334773,6.027049379,6.65E-05,13.87628613
237,ulcer,4.4,u,l,c,e,r,1,2,0.60814703,0.717507933,0.01425486,6.132402319,0.003563715,8.132402319,1.93E-05,15.66103963
238,ultra,4.07,u,l,t,r,a,1,2,0.619178147,0.69157354,0.01425486,6.132402319,0.003563715,8.132402319,0.000314872,11.63294691
239,robin,3.96,r,o,b,i,n,1,2,0.532851444,0.908194721,0.045356371,4.462550976,0.011339093,6.462550944,0.000165041,12.56488791
240,cynic,4.1,c,y,n,i,c,4,1,0.418505607,1.256681143,0.085529158,3.547439852,0.021382289,5.547439886,7.60E-06,17.00556915
241,aroma,4.1,a,r,o,m,a,4,3,0.688801175,0.537840491,0.060907127,4.037245136,0.015226782,6.037245112,2.92E-05,15.06367211
242,caulk,4.34,c,a,u,l,k,1,2,0.481975335,1.052968776,0.085529158,3.547439852,0.021382289,5.547439886,3.55E-06,18.10374954
243,shake,4.62,s,h,a,k,e,1,2,0.659135327,0.6013534,0.158099352,2.66109664,0.039524838,4.66109664,9.88E-05,13.30512943
244,dodge,4.66,d,o,d,g,e,4,2,0.539796518,0.889512424,0.047948164,4.382380616,0.011987041,6.382380616,0.00021336,12.19442265
245,swill,5.08,s,w,i,l,l,4,1,0.542705712,0.881758002,0.158099352,2.66109664,0.039524838,4.66109664,1.33E-06,19.52014232
246,tacit,4.35,t,a,c,i,t,4,2,0.587133129,0.768240432,0.064362851,3.957627957,0.016090713,5.957627935,8.59E-06,16.82891044
247,other,3.96,o,t,h,e,r,1,2,0.651989054,0.617080351,0.017710583,5.819244486,0.004427646,7.819244405,0.01413606,6.144476121
248,thorn,3.47,t,h,o,r,n,1,1,0.537865494,0.894682657,0.064362851,3.957627957,0.016090713,5.957627935,2.05E-05,15.57401656
249,trove,4.68,t,r,o,v,e,1,2,0.616023668,0.698942314,0.064362851,3.957627957,0.016090713,5.957627935,1.01E-05,16.59528518
250,bloke,4.15,b,l,o,k,e,1,2,0.546556216,0.871558203,0.074730022,3.742168243,0.018682505,5.742168281,1.11E-05,16.4590808
251,vivid,4.7,v,i,v,i,d,16,2,0.351199271,1.509638245,0.018574514,5.750531726,0.004643629,7.750531571,6.47E-05,13.91587476
252,spill,4.09,s,p,i,l,l,4,1,0.572729065,0.804075275,0.158099352,2.66109664,0.039524838,4.66109664,5.62E-05,14.11907034
253,chant,3.79,c,h,a,n,t,1,1,0.513695826,0.961013744,0.085529158,3.547439852,0.021382289,5.547439886,1.99E-05,15.61687204
254,choke,3.84,c,h,o,k,e,1,2,0.514786242,0.957954598,0.085529158,3.547439852,0.021382289,5.547439886,2.09E-05,15.54613753
255,rupee,4.38,r,u,p,e,e,4,3,0.697061285,0.520642593,0.045356371,4.462550976,0.011339093,6.462550944,4.09E-05,14.57753963
256,nasty,4.02,n,a,s,t,y,1,1,0.622030027,0.68494387,0.015982721,5.967343147,0.00399568,7.967343237,0.000107411,13.18457063
257,mourn,3.9,m,o,u,r,n,1,2,0.504551097,0.986927713,0.046220302,4.435329503,0.011555076,6.435329441,1.13E-05,16.4333177
258,ahead,4.27,a,h,e,a,d,4,3,0.697598378,0.519531409,0.060907127,4.037245136,0.015226782,6.037245112,0.000409937,11.25231017
259,brine,4.13,b,r,i,n,e,1,2,0.606982162,0.720273976,0.074730022,3.742168243,0.018682505,5.742168281,1.18E-05,16.37085361
260,cloth,3.86,c,l,o,t,h,1,1,0.486955094,1.038139359,0.085529158,3.547439852,0.021382289,5.547439886,0.000141062,12.79138298
261,hoard,3.89,h,o,a,r,d,1,2,0.583676416,0.776759319,0.029805616,5.068272,0.007451404,7.068272,6.26E-06,17.28540591
262,sweet,4.33,s,w,e,e,t,4,2,0.730964188,0.452127369,0.158099352,2.66109664,0.039524838,4.66109664,0.000466808,11.06488309
263,month,4.02,m,o,n,t,h,1,1,0.457489878,1.128188271,0.046220302,4.435329503,0.011555076,6.435329441,0.001777378,9.136033749
264,lapse,3.89,l,a,p,s,e,1,2,0.73194912,0.450184729,0.038012959,4.717364858,0.00950324,6.71736482,2.11E-05,15.53239748
265,watch,4.96,w,a,t,c,h,1,1,0.452096629,1.145296934,0.035853132,4.801757037,0.008963283,6.801757037,0.001329219,9.555205464
266,today,3.91,t,o,d,a,y,1,2,0.564311434,0.825436513,0.064362851,3.957627957,0.016090713,5.957627935,0.003456737,8.176373442
267,focus,4.09,f,o,c,u,s,1,2,0.490103679,1.028841118,0.0587473,4.089333642,0.014686825,6.089333642,0.000948105,10.04266554
268,smelt,4.31,s,m,e,l,t,1,1,0.660209603,0.599003972,0.158099352,2.66109664,0.039524838,4.66109664,4.35E-06,17.81055317
269,tease,3.72,t,e,a,s,e,4,3,0.876898491,0.189518248,0.064362851,3.957627957,0.016090713,5.957627935,2.92E-05,15.06367211
270,cater,4.68,c,a,t,e,r,1,2,0.707311971,0.499581416,0.085529158,3.547439852,0.021382289,5.547439886,3.02E-05,15.01509192
271,movie,4.32,m,o,v,i,e,1,3,0.540433631,0.887810639,0.046220302,4.435329503,0.011555076,6.435329441,0.0022887,8.771255916
272,saute,3.84,s,a,u,t,e,1,3,0.747195064,0.42044317,0.158099352,2.66109664,0.039524838,4.66109664,7.89E-06,16.95154327
273,allow,4.36,a,l,l,o,w,4,2,0.56935783,0.812592452,0.060907127,4.037245136,0.015226782,6.037245112,0.000968704,10.01165648
274,renew,4.27,r,e,n,e,w,4,2,0.682617799,0.550850062,0.045356371,4.462550976,0.011339093,6.462550944,9.48E-05,13.36475342
275,their,3.47,t,h,e,i,r,1,2,0.633633291,0.658279958,0.064362851,3.957627957,0.016090713,5.957627935,0.011309778,6.466285579
276,slosh,4.32,s,l,o,s,h,4,1,0.646149166,0.63006084,0.158099352,2.66109664,0.039524838,4.66109664,7.46E-07,20.35432103
277,purge,4.25,p,u,r,g,e,1,2,0.540537194,0.887534203,0.061339093,4.027049356,0.015334773,6.027049379,1.97E-05,15.63144484
278,chest,3.65,c,h,e,s,t,1,1,0.61952303,0.690770181,0.085529158,3.547439852,0.021382289,5.547439886,0.000195271,12.32223467
279,depot,3.9,d,e,p,o,t,1,2,0.58914539,0.763304387,0.047948164,4.382380616,0.011987041,6.382380616,0.000139967,12.80262566
280,epoxy,4.61,e,p,o,x,y,1,2,0.480967089,1.055989916,0.031101512,5.006871471,0.007775378,7.006871471,2.76E-05,15.14497221
282,found,4.76,f,o,u,n,d,1,2,0.416360315,1.264095529,0.0587473,4.089333642,0.014686825,6.089333642,0.003351775,8.220858978
283,shall,4.47,s,h,a,l,l,4,1,0.632054211,0.661879792,0.158099352,2.66109664,0.039524838,4.66109664,0.00277329,8.494185799
284,stove,4.57,s,t,o,v,e,1,2,0.647518558,0.627006554,0.158099352,2.66109664,0.039524838,4.66109664,5.66E-05,14.10883842
285,lowly,4.95,l,o,w,l,y,4,1,0.458401379,1.125316711,0.038012959,4.717364858,0.00950324,6.71736482,7.85E-06,16.95887592
286,snout,4.47,s,n,o,u,t,1,2,0.588729241,0.76432381,0.158099352,2.66109664,0.039524838,4.66109664,3.73E-06,18.03239294
287,trope,3.62,t,r,o,p,e,1,2,0.655361935,0.609636215,0.064362851,3.957627957,0.016090713,5.957627935,1.58E-06,19.27164401
288,fewer,4.88,f,e,w,e,r,4,2,0.624811808,0.678506376,0.0587473,4.089333642,0.014686825,6.089333642,0.000155923,12.64687863
289,shawl,4.45,s,h,a,w,l,1,1,0.552853483,0.855030906,0.158099352,2.66109664,0.039524838,4.66109664,1.46E-05,16.06367211
290,natal,4.57,n,a,t,a,l,4,2,0.674549258,0.568004297,0.015982721,5.967343147,0.00399568,7.967343237,4.35E-05,14.48862507
291,comma,4.63,c,o,m,m,a,4,2,0.500122383,0.999646921,0.085529158,3.547439852,0.021382289,5.547439886,3.92E-05,14.63878682
292,foray,4.67,f,o,r,a,y,1,2,0.555870488,0.847179306,0.0587473,4.089333642,0.014686825,6.089333642,7.22E-06,17.07956973
293,scare,4.09,s,c,a,r,e,1,2,0.766499221,0.383643769,0.158099352,2.66109664,0.039524838,4.66109664,4.29E-05,14.50866283
294,stair,3.42,s,t,a,i,r,1,2,0.714832312,0.484323246,0.158099352,2.66109664,0.039524838,4.66109664,2.91E-05,15.06862132
295,black,3.83,b,l,a,c,k,1,1,0.452806849,1.143032315,0.074730022,3.742168243,0.018682505,5.742168281,0.003535024,8.144064275
296,squad,4.31,s,q,u,a,d,1,2,0.504325179,0.98757384,0.158099352,2.66109664,0.039524838,4.66109664,0.000126335,12.950458
297,royal,4.03,r,o,y,a,l,1,2,0.631278011,0.663652596,0.045356371,4.462550976,0.011339093,6.462550944,0.000655995,10.57402756
298,chunk,3.91,c,h,u,n,k,1,1,0.345089973,1.53495554,0.085529158,3.547439852,0.021382289,5.547439886,3.43E-05,14.8314319
299,mince,4.11,m,i,n,c,e,1,2,0.547386828,0.869367376,0.046220302,4.435329503,0.011555076,6.435329441,4.74E-06,17.68668151
300,shame,4.19,s,h,a,m,e,1,2,0.675142953,0.566735088,0.158099352,2.66109664,0.039524838,4.66109664,9.80E-05,13.31685873
301,cheek,4.24,c,h,e,e,k,4,2,0.588916959,0.763863876,0.085529158,3.547439852,0.021382289,5.547439886,3.87E-05,14.65730691
302,ample,4.23,a,m,p,l,e,1,2,0.620078615,0.68947696,0.060907127,4.037245136,0.015226782,6.037245112,4.61E-05,14.40487372
303,flair,3.84,f,l,a,i,r,1,2,0.581737602,0.781559536,0.0587473,4.089333642,0.014686825,6.089333642,2.78E-05,15.13455559
304,foyer,5.25,f,o,y,e,r,1,2,0.585658942,0.771867338,0.0587473,4.089333642,0.014686825,6.089333642,1.51E-05,16.01509192
305,cargo,4.27,c,a,r,g,o,1,2,0.573929222,0.801055263,0.085529158,3.547439852,0.021382289,5.547439886,0.000140838,12.79367573
306,oxide,4.76,o,x,i,d,e,1,3,0.539128672,0.891298458,0.017710583,5.819244486,0.004427646,7.819244405,7.69E-05,13.66665688
307,plant,3.37,p,l,a,n,t,1,1,0.55863831,0.840013582,0.061339093,4.027049356,0.015334773,6.027049379,0.000769265,10.34423171
308,olive,4.06,o,l,i,v,e,1,3,0.593866918,0.751788427,0.017710583,5.819244486,0.004427646,7.819244405,0.00013433,12.86193084
309,inert,4.02,i,n,e,r,t,1,2,0.668582015,0.580823548,0.014686825,6.089333642,0.003671706,8.08933374,1.35E-05,16.17668107
310,askew,4.63,a,s,k,e,w,1,2,0.632484855,0.66089716,0.060907127,4.037245136,0.015226782,6.037245112,6.84E-06,17.15757224
311,heist,3.7,h,e,i,s,t,1,2,0.66512818,0.588295699,0.029805616,5.068272,0.007451404,7.068272,6.06E-06,17.33225078
312,shown,3.99,s,h,o,w,n,1,1,0.490909687,1.02647046,0.158099352,2.66109664,0.039524838,4.66109664,0.000993311,9.975466891
313,zesty,4.79,z,e,s,t,y,1,1,0.568383202,0.815064177,0.001295896,9.591834343,0.000323974,11.59183434,3.04E-06,18.32749725
314,stash,3.46,s,t,a,s,h,4,1,0.689741398,0.535872536,0.158099352,2.66109664,0.039524838,4.66109664,2.24E-05,15.44614174
315,larva,4.75,l,a,r,v,a,4,2,0.63132751,0.663539477,0.038012959,4.717364858,0.00950324,6.71736482,6.68E-06,17.19172047
316,forgo,4.77,f,o,r,g,o,4,2,0.495749038,1.012318122,0.0587473,4.089333642,0.014686825,6.089333642,4.92E-06,17.63291025
317,story,4.06,s,t,o,r,y,1,1,0.622231624,0.684476375,0.158099352,2.66109664,0.039524838,4.66109664,0.001999945,8.965823959
318,hairy,4.03,h,a,i,r,y,1,2,0.560371992,0.835543245,0.029805616,5.068272,0.007451404,7.068272,0.000275368,11.82635146
319,train,3.1,t,r,a,i,n,1,2,0.638793561,0.646578324,0.064362851,3.957627957,0.016090713,5.957627935,0.000459658,11.08715153
320,homer,4.76,h,o,m,e,r,1,2,0.599305799,0.738635761,0.029805616,5.068272,0.007451404,7.068272,6.19E-05,13.97970106
321,badge,4.24,b,a,d,g,e,1,2,0.561063112,0.833765031,0.074730022,3.742168243,0.018682505,5.742168281,8.88E-05,13.4590808
322,midst,4.18,m,i,d,s,t,1,1,0.528448907,0.920164103,0.046220302,4.435329503,0.011555076,6.435329441,4.89E-05,14.31980601
323,canny,4.72,c,a,n,n,y,4,1,0.505171705,0.98515426,0.085529158,3.547439852,0.021382289,5.547439886,3.03E-06,18.33225078
324,shine,3.73,s,h,i,n,e,1,2,0.64827668,0.625318418,0.158099352,2.66109664,0.039524838,4.66109664,8.50E-05,13.52217763
325,gecko,4.35,g,e,c,k,o,1,2,0.507334434,0.978991012,0.049676026,4.331306425,0.012419006,6.331306483,1.78E-05,15.77776323
326,farce,3.9,f,a,r,c,e,1,2,0.63265448,0.660510298,0.0587473,4.089333642,0.014686825,6.089333642,1.05E-05,16.53925115
327,slung,4.47,s,l,u,n,g,1,1,0.507085899,0.979697938,0.158099352,2.66109664,0.039524838,4.66109664,3.66E-06,18.05972492
328,tipsy,3.85,t,i,p,s,y,1,1,0.527756157,0.92205659,0.064362851,3.957627957,0.016090713,5.957627935,4.04E-06,17.91721328
329,metal,3.89,m,e,t,a,l,1,2,0.668505958,0.580987677,0.046220302,4.435329503,0.011555076,6.435329441,0.000811655,10.26684575
330,yield,4.53,y,i,e,l,d,1,2,0.576494157,0.794622109,0.002591793,8.591833786,0.000647948,10.59183434,0.000217029,12.16982455
331,delve,4.49,d,e,l,v,e,4,2,0.624687873,0.678792572,0.047948164,4.382380616,0.011987041,6.382380616,9.26E-06,16.72055638
332,being,4.19,b,e,i,n,g,1,2,0.520037769,0.943311689,0.074730022,3.742168243,0.018682505,5.742168281,0.003507473,8.155352286
333,scour,3.8,s,c,o,u,r,1,2,0.592453531,0.755226094,0.158099352,2.66109664,0.039524838,4.66109664,5.94E-06,17.36110564
334,glass,4.37,g,l,a,s,s,4,1,0.683039623,0.549958823,0.049676026,4.331306425,0.012419006,6.331306483,0.000918244,10.08883482
335,gamer,4.52,g,a,m,e,r,1,2,0.636196256,0.652456213,0.049676026,4.331306425,0.012419006,6.331306483,4.54E-05,14.42694818
336,scrap,3.94,s,c,r,a,p,1,1,0.620799819,0.687799958,0.158099352,2.66109664,0.039524838,4.66109664,5.43E-05,14.16868828
337,money,3.97,m,o,n,e,y,1,2,0.563089317,0.828564315,0.046220302,4.435329503,0.011555076,6.435329441,0.002747881,8.507464757
338,hinge,4.11,h,i,n,g,e,1,2,0.529837398,0.916378417,0.029805616,5.068272,0.007451404,7.068272,2.54E-05,15.26481198
339,album,4.09,a,l,b,u,m,1,2,0.477202678,1.067325956,0.060907127,4.037245136,0.015226782,6.037245112,0.001125623,9.795060572
340,vouch,4.82,v,o,u,c,h,1,2,0.366008085,1.450052577,0.018574514,5.750531726,0.004643629,7.750531571,5.62E-06,17.44099844
341,asset,3.94,a,s,s,e,t,4,2,0.838813682,0.253577701,0.060907127,4.037245136,0.015226782,6.037245112,0.000262627,11.89469714
342,tiara,3.84,t,i,a,r,a,4,3,0.723128667,0.467675725,0.064362851,3.957627957,0.016090713,5.957627935,1.33E-05,16.19821423
343,crept,4,c,r,e,p,t,1,1,0.591401022,0.757791358,0.085529158,3.547439852,0.021382289,5.547439886,8.51E-06,16.84240944
344,bayou,4.32,b,a,y,o,u,1,3,0.508804398,0.974816954,0.074730022,3.742168243,0.018682505,5.742168281,2.02E-05,15.59528518
345,atoll,4,a,t,o,l,l,4,2,0.647808526,0.626360639,0.060907127,4.037245136,0.015226782,6.037245112,1.31E-05,16.22007366
346,manor,4.08,m,a,n,o,r,1,2,0.60446607,0.726266735,0.046220302,4.435329503,0.011555076,6.435329441,0.000102352,13.25417309
347,creak,4.31,c,r,e,a,k,1,2,0.638621091,0.646967895,0.085529158,3.547439852,0.021382289,5.547439886,1.79E-06,19.09160898
348,showy,4.42,s,h,o,w,y,1,1,0.464288342,1.106907039,0.158099352,2.66109664,0.039524838,4.66109664,4.26E-06,17.84071514
349,peach,3.52,p,e,a,c,h,1,2,0.579392042,0.787388226,0.061339093,4.027049356,0.015334773,6.027049379,5.69E-05,14.10121182
350,froth,4.14,f,r,o,t,h,1,1,0.480059503,1.058714857,0.0587473,4.089333642,0.014686825,6.089333642,4.02E-06,17.92437307
351,depth,3.95,d,e,p,t,h,1,1,0.514203824,0.959587756,0.047948164,4.382380616,0.011987041,6.382380616,0.000460567,11.08430133
352,gloom,4.46,g,l,o,o,m,4,2,0.490780945,1.026848859,0.049676026,4.331306425,0.012419006,6.331306483,1.27E-05,16.26481198
353,flood,4.21,f,l,o,o,d,4,2,0.489534556,1.030517392,0.0587473,4.089333642,0.014686825,6.089333642,0.000201958,12.27365708
354,trait,4.18,t,r,a,i,t,4,2,0.655645061,0.609013084,0.064362851,3.957627957,0.016090713,5.957627935,2.46E-05,15.31098216
355,girth,4.21,g,i,r,t,h,1,1,0.4771092,1.067608589,0.049676026,4.331306425,0.012419006,6.331306483,7.12E-06,17.09969133
356,piety,4.06,p,i,e,t,y,1,2,0.565840966,0.821531466,0.061339093,4.027049356,0.015334773,6.027049379,8.60E-06,16.82723191
357,goose,4.73,g,o,o,s,e,4,3,0.699173477,0.516277637,0.049676026,4.331306425,0.012419006,6.331306483,5.40E-05,14.17668107
358,float,3.76,f,l,o,a,t,1,2,0.572401004,0.804901892,0.0587473,4.089333642,0.014686825,6.089333642,0.000127258,12.93995603
359,donor,4.03,d,o,n,o,r,4,2,0.574282876,0.800166551,0.047948164,4.382380616,0.011987041,6.382380616,0.000102525,13.25173664
360,atone,3.53,a,t,o,n,e,1,3,0.726729022,0.460510573,0.060907127,4.037245136,0.015226782,6.037245112,2.21E-06,18.7875222
361,primo,4.23,p,r,i,m,o,1,2,0.5101922,0.970887252,0.061339093,4.027049356,0.015334773,6.027049379,1.32E-05,16.20910254
362,apron,3.88,a,p,r,o,n,1,2,0.608721981,0.716144632,0.060907127,4.037245136,0.015226782,6.037245112,2.34E-05,15.38313194
363,blown,4.18,b,l,o,w,n,1,1,0.422672839,1.242386687,0.074730022,3.742168243,0.018682505,5.742168281,6.11E-05,13.99846809
364,cacao,4.83,c,a,c,a,o,16,3,0.632152926,0.661654488,0.085529158,3.547439852,0.021382289,5.547439886,4.79E-06,17.67154291
365,loser,3.9,l,o,s,e,r,1,2,0.76372656,0.388871898,0.038012959,4.717364858,0.00950324,6.71736482,3.65E-05,14.74174401
366,input,4,i,n,p,u,t,1,2,0.462758884,1.111667408,0.014686825,6.089333642,0.003671706,8.08933374,0.000826245,10.24114274
367,gloat,4.19,g,l,o,a,t,1,2,0.587806463,0.766586873,0.049676026,4.331306425,0.012419006,6.331306483,1.64E-06,19.21787275
368,awful,4.26,a,w,f,u,l,1,2,0.438377598,1.189754019,0.060907127,4.037245136,0.015226782,6.037245112,7.54E-05,13.69507595
369,brink,4.07,b,r,i,n,k,1,1,0.441019223,1.181086554,0.074730022,3.742168243,0.018682505,5.742168281,2.15E-05,15.50530381
370,smite,4.21,s,m,i,t,e,1,2,0.66424515,0.590212306,0.158099352,2.66109664,0.039524838,4.66109664,3.91E-06,17.96439996
371,beady,4.31,b,e,a,d,y,1,2,0.576842299,0.793751136,0.074730022,3.742168243,0.018682505,5.742168281,1.27E-06,19.58674007
372,rusty,3.67,r,u,s,t,y,1,1,0.566658915,0.81944749,0.045356371,4.462550976,0.011339093,6.462550944,4.02E-05,14.60244497
373,retro,4.05,r,e,t,r,o,4,2,0.731481639,0.451106443,0.045356371,4.462550976,0.011339093,6.462550944,0.000115578,13.07884557
374,droll,4.54,d,r,o,l,l,4,1,0.569493098,0.812249738,0.047948164,4.382380616,0.011987041,6.382380616,2.83E-06,18.43076652
375,gawky,5.08,g,a,w,k,y,1,1,0.373300669,1.421590001,0.049676026,4.331306425,0.012419006,6.331306483,4.50E-07,21.08357166
376,hutch,4.79,h,u,t,c,h,4,1,0.378832129,1.400369403,0.029805616,5.068272,0.007451404,7.068272,1.98E-05,15.62414004
377,pinto,4.02,p,i,n,t,o,1,2,0.518331593,0.948052764,0.061339093,4.027049356,0.015334773,6.027049379,1.60E-05,15.93156857
378,egret,4.49,e,g,r,e,t,4,2,0.718667964,0.476602718,0.031101512,5.006871471,0.007775378,7.006871471,5.70E-06,17.42060665
379,lilac,4.31,l,i,l,a,c,4,2,0.588633192,0.764559199,0.038012959,4.717364858,0.00950324,6.71736482,2.51E-05,15.28195311
380,sever,4.71,s,e,v,e,r,4,2,0.749341637,0.416304478,0.158099352,2.66109664,0.039524838,4.66109664,9.92E-06,16.62122845
381,field,4.08,f,i,e,l,d,1,2,0.545309511,0.874852776,0.0587473,4.089333642,0.014686825,6.089333642,0.001954514,8.998974366
382,fluff,4.98,f,l,u,f,f,27,1,0.300029707,1.736822741,0.0587473,4.089333642,0.014686825,6.089333642,1.18E-05,16.37085361
383,agape,4.48,a,g,a,p,e,4,3,0.680243412,0.555877016,0.060907127,4.037245136,0.015226782,6.037245112,5.99E-06,17.34901257
384,voice,4.09,v,o,i,c,e,1,3,0.552297315,0.856482981,0.018574514,5.750531726,0.004643629,7.750531571,0.00093328,10.0654024
385,stead,4.38,s,t,e,a,d,1,2,0.741102248,0.432255494,0.158099352,2.66109664,0.039524838,4.66109664,1.05E-05,16.53925115
386,berth,4.07,b,e,r,t,h,1,1,0.567247859,0.817948836,0.074730022,3.742168243,0.018682505,5.742168281,1.53E-05,15.99610882
387,madam,4.53,m,a,d,a,m,16,2,0.546760034,0.871020303,0.046220302,4.435329503,0.011555076,6.435329441,2.92E-05,15.06367211
388,night,4.18,n,i,g,h,t,1,1,0.432565338,1.20901003,0.015982721,5.967343147,0.00399568,7.967343237,0.00188578,9.050622907
389,bland,3.73,b,l,a,n,d,1,1,0.506941616,0.980108492,0.074730022,3.742168243,0.018682505,5.742168281,2.32E-05,15.39551567
390,liver,4.61,l,i,v,e,r,1,2,0.598417937,0.740774676,0.038012959,4.717364858,0.00950324,6.71736482,0.000175377,12.47725282
391,wedge,4.66,w,e,d,g,e,4,2,0.574000723,0.800875541,0.035853132,4.801757037,0.008963283,6.801757037,4.57E-05,14.41744631
392,roomy,4.33,r,o,o,m,y,4,2,0.533502461,0.906433169,0.045356371,4.462550976,0.011339093,6.462550944,8.30E-06,16.87845723
393,wacky,4.25,w,a,c,k,y,1,1,0.391733129,1.352056952,0.035853132,4.801757037,0.008963283,6.801757037,2.69E-05,15.1820343
394,flock,4.18,f,l,o,c,k,1,1,0.395406947,1.338589877,0.0587473,4.089333642,0.014686825,6.089333642,3.73E-05,14.71046484
395,angry,3.97,a,n,g,r,y,1,1,0.531283106,0.912447257,0.060907127,4.037245136,0.015226782,6.037245112,0.000133887,12.86669649
396,trite,4.91,t,r,i,t,e,4,2,0.685433515,0.544911359,0.064362851,3.957627957,0.016090713,5.957627935,4.15E-06,17.87845723
397,aphid,4.11,a,p,h,i,d,1,2,0.489200949,1.031500892,0.060907127,4.037245136,0.015226782,6.037245112,4.26E-06,17.84071514
398,tryst,4.06,t,r,y,s,t,4,0,0.599090282,0.739154664,0.064362851,3.957627957,0.016090713,5.957627935,2.97E-06,18.36110564
399,midge,4.28,m,i,d,g,e,1,2,0.507281684,0.979141024,0.046220302,4.435329503,0.011555076,6.435329441,4.46E-06,17.77452486
400,power,4.25,p,o,w,e,r,1,2,0.576911238,0.793578728,0.061339093,4.027049356,0.015334773,6.027049379,0.003273624,8.254895658
401,elope,4.24,e,l,o,p,e,4,3,0.725691665,0.462571395,0.031101512,5.006871471,0.007775378,7.006871471,1.08E-06,19.82053726
402,cinch,4.96,c,i,n,c,h,4,1,0.410178228,1.285677178,0.085529158,3.547439852,0.021382289,5.547439886,6.17E-06,17.30629808
403,motto,4.5,m,o,t,t,o,16,2,0.549282944,0.8643786,0.046220302,4.435329503,0.011555076,6.435329441,2.74E-05,15.15546458
404,stomp,4.05,s,t,o,m,p,1,1,0.53690151,0.897270632,0.158099352,2.66109664,0.039524838,4.66109664,1.69E-05,15.85261723
405,upset,3.95,u,p,s,e,t,1,2,0.631284115,0.663638646,0.01425486,6.132402319,0.003563715,8.132402319,8.01E-05,13.60783823
406,bluff,4.36,b,l,u,f,f,4,1,0.313087345,1.675362899,0.074730022,3.742168243,0.018682505,5.742168281,5.64E-05,14.11394531
407,cramp,3.96,c,r,a,m,p,1,1,0.508929314,0.974462803,0.085529158,3.547439852,0.021382289,5.547439886,5.81E-06,17.39303041
408,quart,4.29,q,u,a,r,t,1,2,0.511354473,0.967604375,0.009935205,6.653234549,0.002483801,8.653234694,2.89E-05,15.07857098
409,coyly,5.35,c,o,y,l,y,4,1,0.451809628,1.14621308,0.085529158,3.547439852,0.021382289,5.547439886,7.54E-07,20.33893214
410,youth,4.42,y,o,u,t,h,1,2,0.451120421,1.1484155,0.002591793,8.591833786,0.000647948,10.59183434,0.000742952,10.39444337
411,rhyme,4.1,r,h,y,m,e,1,1,0.532691612,0.908627531,0.045356371,4.462550976,0.011339093,6.462550944,2.21E-05,15.4655941
412,buggy,4.82,b,u,g,g,y,4,1,0.299675388,1.738527493,0.074730022,3.742168243,0.018682505,5.742168281,2.83E-05,15.10883842
413,alien,3.45,a,l,i,e,n,1,3,0.709123291,0.495891613,0.060907127,4.037245136,0.015226782,6.037245112,0.000151556,12.68786141
414,smear,4.39,s,m,e,a,r,1,2,0.754635538,0.406148052,0.158099352,2.66109664,0.039524838,4.66109664,1.86E-05,15.71433785
415,unfit,4.16,u,n,f,i,t,1,2,0.436528736,1.195851468,0.01425486,6.132402319,0.003563715,8.132402319,1.18E-05,16.37085361
416,patty,4.32,p,a,t,t,y,4,1,0.531266933,0.912491175,0.061339093,4.027049356,0.015334773,6.027049379,3.38E-05,14.85261723
417,cling,4.31,c,l,i,n,g,1,1,0.444296023,1.170406867,0.085529158,3.547439852,0.021382289,5.547439886,1.37E-05,16.15546458
418,glean,4.04,g,l,e,a,n,1,2,0.645085681,0.632437301,0.049676026,4.331306425,0.012419006,6.331306483,3.37E-06,18.17881998
419,label,4.39,l,a,b,e,l,4,2,0.660339391,0.598720386,0.038012959,4.717364858,0.00950324,6.71736482,0.000597523,10.70871813
420,hunky,4.73,h,u,n,k,y,1,1,0.342436699,1.546090771,0.029805616,5.068272,0.007451404,7.068272,4.04E-06,17.91721328
421,khaki,4.51,k,h,a,k,i,4,2,0.438770716,1.188460853,0.008639309,6.854868359,0.002159827,8.854868526,2.14E-05,15.51202968
422,poker,4.51,p,o,k,e,r,1,2,0.586671055,0.76937628,0.061339093,4.027049356,0.015334773,6.027049379,0.001864447,9.067036498
423,gruel,4.25,g,r,u,e,l,1,2,0.589714569,0.761911258,0.049676026,4.331306425,0.012419006,6.331306483,1.19E-06,19.680607
424,twice,3.97,t,w,i,c,e,1,2,0.538470886,0.893059752,0.064362851,3.957627957,0.016090713,5.957627935,0.000288152,11.76088235
425,twang,4.18,t,w,a,n,g,1,1,0.468612893,1.093531447,0.064362851,3.957627957,0.016090713,5.957627935,3.51E-06,18.12009754
426,shrug,4.18,s,h,r,u,g,1,1,0.499079505,1.002658435,0.158099352,2.66109664,0.039524838,4.66109664,1.04E-05,16.55305695
427,treat,3.52,t,r,e,a,t,4,2,0.748131542,0.418636137,0.064362851,3.957627957,0.016090713,5.957627935,0.000280882,11.79774821
428,waste,4.37,w,a,s,t,e,1,2,0.701175735,0.512152024,0.035853132,4.801757037,0.008963283,6.801757037,0.000593618,10.71817754
429,merit,3.76,m,e,r,i,t,1,2,0.63275026,0.6602919,0.046220302,4.435329503,0.011555076,6.435329441,9.32E-05,13.38931052
430,woven,4.54,w,o,v,e,n,1,2,0.493029111,1.020255262,0.035853132,4.801757037,0.008963283,6.801757037,6.14E-05,13.99140182
431,needy,4.22,n,e,e,d,y,4,2,0.651379106,0.618430651,0.015982721,5.967343147,0.00399568,7.967343237,2.36E-05,15.37085361
432,clown,3.91,c,l,o,w,n,1,1,0.443453121,1.173146495,0.085529158,3.547439852,0.021382289,5.547439886,4.45E-05,14.45583514
433,irony,3.95,i,r,o,n,y,1,2,0.550978452,0.859932197,0.014686825,6.089333642,0.003671706,8.08933374,3.20E-05,14.93156857
434,ruder,4.53,r,u,d,e,r,4,2,0.637384747,0.6497636,0.045356371,4.462550976,0.011339093,6.462550944,1.30E-06,19.55305695
435,gauze,4.94,g,a,u,z,e,1,3,0.528469003,0.920109241,0.049676026,4.331306425,0.012419006,6.331306483,8.04E-06,16.92437307
436,chief,3.81,c,h,i,e,f,1,2,0.490463867,1.027781239,0.085529158,3.547439852,0.021382289,5.547439886,0.000660219,10.56476772
437,onset,4.03,o,n,s,e,t,1,2,0.718432667,0.477075144,0.017710583,5.819244486,0.004427646,7.819244405,5.57E-05,14.13196315
438,prize,4.77,p,r,i,z,e,1,2,0.536719393,0.897760078,0.061339093,4.027049356,0.015334773,6.027049379,0.000234109,12.06053198
439,fungi,4.23,f,u,n,g,i,1,2,0.377276705,1.406305071,0.0587473,4.089333642,0.014686825,6.089333642,2.89E-05,15.07857098
440,charm,3.74,c,h,a,r,m,1,1,0.505556433,0.984055952,0.085529158,3.547439852,0.021382289,5.547439886,0.000152482,12.67907343
441,gully,4.91,g,u,l,l,y,4,1,0.422027335,1.244591649,0.049676026,4.331306425,0.012419006,6.331306483,1.16E-05,16.39551567
442,inter,4.01,i,n,t,e,r,1,2,0.668582015,0.580823548,0.014686825,6.089333642,0.003671706,8.08933374,0.000220595,12.14631229
443,whoop,4.32,w,h,o,o,p,4,2,0.423287935,1.240288727,0.035853132,4.801757037,0.008963283,6.801757037,4.79E-06,17.67154291
444,taunt,4.65,t,a,u,n,t,4,2,0.573884254,0.801168304,0.064362851,3.957627957,0.016090713,5.957627935,4.26E-06,17.84071514
445,leery,4.31,l,e,e,r,y,4,2,0.735197182,0.443796858,0.038012959,4.717364858,0.00950324,6.71736482,2.44E-06,18.64468742
446,class,4.36,c,l,a,s,s,4,1,0.701472083,0.511542406,0.085529158,3.547439852,0.021382289,5.547439886,0.002760633,8.500785177
447,theme,3.77,t,h,e,m,e,4,2,0.645744155,0.630965415,0.064362851,3.957627957,0.016090713,5.957627935,0.000537714,10.86087335
448,lofty,4.35,l,o,f,t,y,1,1,0.461444553,1.11577079,0.038012959,4.717364858,0.00950324,6.71736482,1.47E-05,16.05382432
449,tibia,4.4,t,i,b,i,a,4,3,0.571138426,0.808087643,0.064362851,3.957627957,0.016090713,5.957627935,8.97E-06,16.76646058
450,booze,4.87,b,o,o,z,e,4,3,0.537351627,0.896061641,0.074730022,3.742168243,0.018682505,5.742168281,1.70E-05,15.84410573
451,alpha,4.24,a,l,p,h,a,4,2,0.591173191,0.758347248,0.060907127,4.037245136,0.015226782,6.037245112,0.000402099,11.28016163
452,thyme,3.92,t,h,y,m,e,1,1,0.504999251,0.985646847,0.064362851,3.957627957,0.016090713,5.957627935,1.46E-05,16.06367211
453,doubt,3.61,d,o,u,b,t,1,2,0.446269453,1.164013037,0.047948164,4.382380616,0.011987041,6.382380616,0.000293436,11.7346665
454,parer,5.99,p,a,r,e,r,4,2,0.72739656,0.459185992,0.061339093,4.027049356,0.015334773,6.027049379,5.49E-07,20.79669051
455,chute,3.55,c,h,u,t,e,1,2,0.527904412,0.921651371,0.085529158,3.547439852,0.021382289,5.547439886,1.20E-05,16.34660607
456,stick,3.61,s,t,i,c,k,1,1,0.510145894,0.9710182,0.158099352,2.66109664,0.039524838,4.66109664,0.000323599,11.59350523
457,trice,4.51,t,r,i,c,e,1,2,0.644613944,0.633492698,0.064362851,3.957627957,0.016090713,5.957627935,5.12E-06,17.57542476
458,alike,4.25,a,l,i,k,e,1,3,0.657283911,0.605411424,0.060907127,4.037245136,0.015226782,6.037245112,8.99E-05,13.44131936
459,recap,4,r,e,c,a,p,1,2,0.658884628,0.601902226,0.045356371,4.462550976,0.011339093,6.462550944,4.13E-05,14.56349869
460,saint,3.62,s,a,i,n,t,1,2,0.670288451,0.577146018,0.158099352,2.66109664,0.039524838,4.66109664,0.000562407,10.79609783
461,glory,3.83,g,l,o,r,y,1,1,0.504542374,0.986952656,0.049676026,4.331306425,0.012419006,6.331306483,0.000190105,12.3609159
462,grate,3.77,g,r,a,t,e,1,2,0.68887951,0.537676428,0.049676026,4.331306425,0.012419006,6.331306483,9.71E-06,16.65209727
463,admit,3.96,a,d,m,i,t,1,2,0.536745262,0.897690544,0.060907127,4.037245136,0.015226782,6.037245112,0.000126854,12.94454337
464,brisk,4,b,r,i,s,k,1,1,0.517057974,0.951602046,0.074730022,3.742168243,0.018682505,5.742168281,1.12E-05,16.44614174
465,soggy,4.3,s,o,g,g,y,4,1,0.4760352,1.070859839,0.158099352,2.66109664,0.039524838,4.66109664,4.79E-06,17.67154291
466,usurp,4.12,u,s,u,r,p,4,2,0.52927305,0.917915899,0.01425486,6.132402319,0.003563715,8.132402319,2.48E-06,18.62122845
467,scald,4.21,s,c,a,l,d,1,1,0.603760649,0.727951365,0.158099352,2.66109664,0.039524838,4.66109664,1.47E-06,19.37575241
468,scorn,3.92,s,c,o,r,n,1,1,0.608033398,0.717777525,0.158099352,2.66109664,0.039524838,4.66109664,9.00E-06,16.76164357
469,leave,4.26,l,e,a,v,e,4,3,0.730695662,0.452657453,0.038012959,4.717364858,0.00950324,6.71736482,0.001025122,9.929988669
470,twine,3.93,t,w,i,n,e,1,2,0.562438957,0.83023157,0.064362851,3.957627957,0.016090713,5.957627935,6.00E-06,17.34660607
471,sting,3.95,s,t,i,n,g,1,1,0.543552813,0.879507877,0.158099352,2.66109664,0.039524838,4.66109664,4.01E-05,14.60603824
472,bough,4.36,b,o,u,g,h,1,2,0.373741381,1.419887786,0.074730022,3.742168243,0.018682505,5.742168281,7.51E-06,17.02275566
473,marxh,3.86,m,a,r,x,h,1,1,0.443146364,1.174144819,0.046220302,4.435329503,0.011555076,6.435329441,0,Inf
474,sloth,3.54,s,l,o,t,h,1,1,0.586961915,0.768661198,0.158099352,2.66109664,0.039524838,4.66109664,7.50E-06,17.02467797
475,dandy,4.95,d,a,n,d,y,4,1,0.485794409,1.041582209,0.047948164,4.382380616,0.011987041,6.382380616,1.59E-05,15.94061371
476,vigor,4.42,v,i,g,o,r,1,2,0.464285156,1.106916939,0.018574514,5.750531726,0.004643629,7.750531571,1.41E-05,16.11394531
477,howdy,4.61,h,o,w,d,y,1,1,0.366576908,1.447812187,0.029805616,5.068272,0.007451404,7.068272,1.05E-05,16.53925115
478,enjoy,4.64,e,n,j,o,y,1,2,0.511922972,0.966001348,0.031101512,5.006871471,0.007775378,7.006871471,0.000724391,10.43094376
479,valid,4.04,v,a,l,i,d,1,2,0.502412939,0.993054475,0.018574514,5.750531726,0.004643629,7.750531571,0.000824844,10.24359109
480,ionic,4.86,i,o,n,i,c,4,3,0.530724944,0.913963738,0.014686825,6.089333642,0.003671706,8.08933374,2.61E-05,15.22559067
481,equal,4.24,e,q,u,a,l,1,3,0.581684203,0.78169197,0.031101512,5.006871471,0.007775378,7.006871471,0.000503221,10.95652025
482,floor,4.07,f,l,o,o,r,4,2,0.555751101,0.847489194,0.0587473,4.089333642,0.014686825,6.089333642,0.000776665,10.33041993
483,catch,4.8,c,a,t,c,h,4,1,0.489727755,1.029948133,0.085529158,3.547439852,0.021382289,5.547439886,0.000294732,11.72830867
484,spade,3.86,s,p,a,d,e,1,2,0.692674905,0.529749688,0.158099352,2.66109664,0.039524838,4.66109664,2.26E-05,15.4333177
485,stein,3.72,s,t,e,i,n,1,2,0.700076904,0.514414683,0.158099352,2.66109664,0.039524838,4.66109664,5.62E-05,14.11907034
486,exist,4.04,e,x,i,s,t,1,2,0.613698764,0.704397417,0.031101512,5.006871471,0.007775378,7.006871471,0.000366217,11.41501362
487,quirk,4.19,q,u,i,r,k,1,2,0.379965567,1.396059409,0.009935205,6.653234549,0.002483801,8.653234694,6.42E-06,17.24899527
488,denim,3.87,d,e,n,i,m,1,2,0.549682215,0.863330293,0.047948164,4.382380616,0.011987041,6.382380616,6.84E-05,13.83564415
489,grove,4.45,g,r,o,v,e,1,2,0.556771637,0.844842375,0.049676026,4.331306425,0.012419006,6.331306483,0.000219442,12.1538727
490,spiel,3.92,s,p,i,e,l,1,2,0.669251093,0.579380505,0.158099352,2.66109664,0.039524838,4.66109664,1.17E-05,16.38313194
491,mummy,5.53,m,u,m,m,y,27,1,0.32172954,1.63607969,0.046220302,4.435329503,0.011555076,6.435329441,2.71E-05,15.17134762
492,fault,4,f,a,u,l,t,1,2,0.516828295,0.952243039,0.0587473,4.089333642,0.014686825,6.089333642,0.000189438,12.36598662
493,foggy,4.54,f,o,g,g,y,4,1,0.342190458,1.547128564,0.0587473,4.089333642,0.014686825,6.089333642,1.02E-05,16.58107132
494,flout,3.98,f,l,o,u,t,1,2,0.472486031,1.081656418,0.0587473,4.089333642,0.014686825,6.089333642,1.05E-06,19.86117924
495,carry,4.27,c,a,r,r,y,4,1,0.594259428,0.750835208,0.085529158,3.547439852,0.021382289,5.547439886,0.000477565,11.03201527
496,sneak,3.96,s,n,e,a,k,1,2,0.694084051,0.526817716,0.158099352,2.66109664,0.039524838,4.66109664,3.30E-05,14.88717445
497,libel,4.49,l,i,b,e,l,4,2,0.597641364,0.742648091,0.038012959,4.717364858,0.00950324,6.71736482,1.25E-05,16.28771238
498,waltz,4.63,w,a,l,t,z,1,1,0.445179678,1.167540358,0.035853132,4.801757037,0.008963283,6.801757037,2.49E-05,15.29349473
499,aptly,4.12,a,p,t,l,y,1,1,0.532016965,0.910455844,0.060907127,4.037245136,0.015226782,6.037245112,8.64E-06,16.82053726
500,piney,4.55,p,i,n,e,y,1,2,0.548989466,0.865149628,0.061339093,4.027049356,0.015334773,6.027049379,5.70E-06,17.42060665
501,inept,4.01,i,n,e,p,t,1,2,0.59246231,0.755204716,0.014686825,6.089333642,0.003671706,8.08933374,6.62E-06,17.20473735
502,aloud,3.56,a,l,o,u,d,1,3,0.576102944,0.795601465,0.060907127,4.037245136,0.015226782,6.037245112,5.41E-05,14.17401188
503,photo,3.77,p,h,o,t,o,4,2,0.501738632,0.99499207,0.061339093,4.027049356,0.015334773,6.027049379,0.003281265,8.251532172
504,dream,3.48,d,r,e,a,m,1,2,0.656924104,0.606201393,0.047948164,4.382380616,0.011987041,6.382380616,0.000484241,11.01198714
505,stale,3.63,s,t,a,l,e,1,2,0.780376463,0.35775783,0.158099352,2.66109664,0.039524838,4.66109664,1.54E-05,15.98671012
506,begin,3.98,b,e,g,i,n,1,2,0.520037769,0.943311689,0.074730022,3.742168243,0.018682505,5.742168281,0.000656395,10.57314813
507,spell,4.09,s,p,e,l,l,4,1,0.665215546,0.58810621,0.158099352,2.66109664,0.039524838,4.66109664,0.000122886,12.99039182
508,rainy,3.51,r,a,i,n,y,1,2,0.595320716,0.748260997,0.045356371,4.462550976,0.011339093,6.462550944,3.57E-05,14.7737164
509,unite,3.75,u,n,i,t,e,1,3,0.608458286,0.716769735,0.01425486,6.132402319,0.003563715,8.132402319,4.17E-05,14.54959309
510,medal,4.07,m,e,d,a,l,1,2,0.629981774,0.666618004,0.046220302,4.435329503,0.011555076,6.435329441,0.000111921,13.12523162
511,valet,4.12,v,a,l,e,t,1,2,0.633423603,0.658757468,0.018574514,5.750531726,0.004643629,7.750531571,2.97E-05,15.03917754
512,inane,4.15,i,n,a,n,e,4,3,0.691521759,0.532153448,0.014686825,6.089333642,0.003671706,8.08933374,4.61E-06,17.72680182
513,maple,3.95,m,a,p,l,e,1,2,0.620078615,0.68947696,0.046220302,4.435329503,0.011555076,6.435329441,0.000140201,12.80021574
514,snarl,4.35,s,n,a,r,l,1,1,0.693945265,0.52710622,0.158099352,2.66109664,0.039524838,4.66109664,2.67E-06,18.51472883
515,baker,4.72,b,a,k,e,r,1,2,0.617840809,0.694692929,0.074730022,3.742168243,0.018682505,5.742168281,0.000214717,12.18527596
516,there,3.59,t,h,e,r,e,4,2,0.726119771,0.461720559,0.064362851,3.957627957,0.016090713,5.957627935,0.010129764,6.625255627
517,glyph,4.06,g,l,y,p,h,1,0,0.353481104,1.500295,0.049676026,4.331306425,0.012419006,6.331306483,9.13E-06,16.74095371
518,avert,4.03,a,v,e,r,t,1,2,0.660365932,0.598662401,0.060907127,4.037245136,0.015226782,6.037245112,1.11E-05,16.4590808
519,brave,4.5,b,r,a,v,e,1,2,0.598766079,0.739935602,0.074730022,3.742168243,0.018682505,5.742168281,7.54E-05,13.69507595
520,axiom,4.33,a,x,i,o,m,1,3,0.495181147,1.013971707,0.060907127,4.037245136,0.015226782,6.037245112,2.16E-05,15.49860916
521,prime,3.93,p,r,i,m,e,1,2,0.584322917,0.775162222,0.061339093,4.027049356,0.015334773,6.027049379,0.000553439,10.81928807
522,drive,3.74,d,r,i,v,e,1,2,0.559143722,0.838708935,0.047948164,4.382380616,0.011987041,6.382380616,0.001557371,9.326671618
523,feast,3.83,f,e,a,s,t,1,2,0.70496894,0.504368399,0.0587473,4.089333642,0.014686825,6.089333642,6.02E-05,14.01987699
524,itchy,3.87,i,t,c,h,y,1,1,0.424376454,1.236583483,0.014686825,6.089333642,0.003671706,8.08933374,1.71E-05,15.83564415
525,clean,3.45,c,l,e,a,n,1,2,0.663518141,0.591792185,0.085529158,3.547439852,0.021382289,5.547439886,0.000655627,10.57483711
526,happy,3.9,h,a,p,p,y,4,1,0.431039366,1.214108461,0.029805616,5.068272,0.007451404,7.068272,0.000916975,10.09082998
527,tepid,3.57,t,e,p,i,d,1,2,0.570789627,0.808968978,0.064362851,3.957627957,0.016090713,5.957627935,3.19E-06,18.25801215
528,undue,4.4,u,n,d,u,e,4,3,0.532717157,0.908558349,0.01425486,6.132402319,0.003563715,8.132402319,1.99E-05,15.61687204
530,eject,4.55,e,j,e,c,t,4,2,0.605558463,0.723661845,0.031101512,5.006871471,0.007775378,7.006871471,1.35E-05,16.17668107
531,chafe,3.97,c,h,a,f,e,1,2,0.553161894,0.854226319,0.085529158,3.547439852,0.021382289,5.547439886,1.72E-06,19.14916
532,torso,3.85,t,o,r,s,o,4,2,0.688845811,0.537747004,0.064362851,3.957627957,0.016090713,5.957627935,2.56E-05,15.25349666
533,adore,3.6,a,d,o,r,e,1,3,0.7327487,0.448609592,0.060907127,4.037245136,0.015226782,6.037245112,1.70E-05,15.84410573
534,woken,4.8,w,o,k,e,n,1,2,0.51210384,0.965491718,0.035853132,4.801757037,0.008963283,6.801757037,5.26E-06,17.53650577
535,amber,4.23,a,m,b,e,r,1,2,0.633848434,0.657790191,0.060907127,4.037245136,0.015226782,6.037245112,0.000159863,12.61087631
536,joust,4.02,j,o,u,s,t,1,2,0.501731141,0.99501361,0.008639309,6.854868359,0.002159827,8.854868526,2.32E-06,18.71744376
537,infer,4.3,i,n,f,e,r,1,2,0.593924524,0.75164849,0.014686825,6.089333642,0.003671706,8.08933374,1.60E-05,15.93156857
538,braid,3.56,b,r,a,i,d,1,2,0.555521025,0.84808658,0.074730022,3.742168243,0.018682505,5.742168281,1.42E-05,16.10374954
539,knock,4.22,k,n,o,c,k,4,1,0.383772027,1.381678537,0.008639309,6.854868359,0.002159827,8.854868526,7.51E-05,13.70082757
540,naive,4.08,n,a,i,v,e,1,3,0.62060765,0.688246614,0.015982721,5.967343147,0.00399568,7.967343237,2.67E-05,15.19280073
541,apply,4.05,a,p,p,l,y,4,1,0.483589622,1.048144811,0.060907127,4.037245136,0.015226782,6.037245112,0.001102901,9.824480989
542,spoke,3.82,s,p,o,k,e,1,2,0.618165945,0.693933917,0.158099352,2.66109664,0.039524838,4.66109664,0.000167265,12.54557678
543,usual,4.24,u,s,u,a,l,4,3,0.618241669,0.693757201,0.01425486,6.132402319,0.003563715,8.132402319,0.000246248,11.98760037
544,rival,4,r,i,v,a,l,1,2,0.568629484,0.814439189,0.045356371,4.462550976,0.011339093,6.462550944,6.21E-05,13.97504721
545,probe,4.19,p,r,o,b,e,1,2,0.593762082,0.75204313,0.061339093,4.027049356,0.015334773,6.027049379,0.000139323,12.80927894
546,chord,3.66,c,h,o,r,d,1,1,0.47537324,1.072867402,0.085529158,3.547439852,0.021382289,5.547439886,4.51E-05,14.43651304
547,taper,4.07,t,a,p,e,r,1,2,0.699704199,0.515182945,0.064362851,3.957627957,0.016090713,5.957627935,1.87E-05,15.7066022
548,slate,3.43,s,l,a,t,e,1,2,0.780376463,0.35775783,0.158099352,2.66109664,0.039524838,4.66109664,5.51E-05,14.14758816
549,third,3.47,t,h,i,r,d,1,1,0.497837048,1.006254498,0.064362851,3.957627957,0.016090713,5.957627935,0.001379527,9.501610591
550,lunar,3.75,l,u,n,a,r,1,2,0.602326647,0.73138201,0.038012959,4.717364858,0.00950324,6.71736482,5.22E-05,14.22559067
551,excel,4.51,e,x,c,e,l,4,2,0.606928455,0.720401634,0.031101512,5.006871471,0.007775378,7.006871471,0.000204185,12.25783549
552,aorta,4.13,a,o,r,t,a,4,3,0.74148443,0.431511696,0.060907127,4.037245136,0.015226782,6.037245112,9.26E-06,16.72055638
553,poise,3.72,p,o,i,s,e,1,3,0.691642403,0.531901775,0.061339093,4.027049356,0.015334773,6.027049379,4.90E-06,17.63878682
554,extra,4.18,e,x,t,r,a,1,2,0.644901902,0.63284837,0.031101512,5.006871471,0.007775378,7.006871471,0.00085782,10.18703743
555,judge,5.18,j,u,d,g,e,1,2,0.418898393,1.255327745,0.008639309,6.854868359,0.002159827,8.854868526,0.000446495,11.12906836
556,condo,4.45,c,o,n,d,o,4,2,0.505770944,0.983443937,0.085529158,3.547439852,0.021382289,5.547439886,9.31E-05,13.39085931
557,impel,4.15,i,m,p,e,l,1,2,0.557380588,0.843265337,0.014686825,6.089333642,0.003671706,8.08933374,1.25E-06,19.60964047
558,havoc,4.4,h,a,v,o,c,1,2,0.465923058,1.101836365,0.029805616,5.068272,0.007451404,7.068272,2.44E-05,15.32275933
559,molar,4.14,m,o,l,a,r,1,2,0.622067601,0.684856726,0.046220302,4.435329503,0.011555076,6.435329441,9.39E-06,16.70044341
560,manly,4.34,m,a,n,l,y,1,1,0.510909553,0.968860183,0.046220302,4.435329503,0.011555076,6.435329441,1.82E-05,15.74570202
